dataset,method,k_pct,fraud_coverage,yield_b100,auc_purity,n_cases,time_s
PaySim,HGS_v1_baseline,1.0,0.25057835139413126,0.0,0.06220782166965581,44807,0.52
PaySim,HGS_v1_baseline,5.0,0.470108364787532,0.0,0.03477670925690872,156678,2.18
PaySim,HGS_v1_baseline,10.0,0.5580177766954828,0.0,0.025708847596272805,247350,4.47
